{"cameraMode":{"drawMode":0,"name":"Shaded","section":"Shading Mode"},"sceneLighting":true,"audioPlay":false,"sceneViewState":{"m_AlwaysRefresh":false,"showFog":true,"showSkybox":true,"showFlares":true,"showImageEffects":true,"showParticleSystems":true,"showVisualEffectGraphs":true,"m_FxEnabled":true},"in2DMode":false,"pivot":{"x":722.5078735351563,"y":530.7052001953125,"z":3.08026123046875},"rotation":{"x":-0.013808483257889748,"y":-0.008401604369282723,"z":0.00011497321975184605,"w":-0.9998608827590942},"size":394.59356689453127,"orthographic":false}