{"cameraMode":{"drawMode":0,"name":"Shaded","section":"Shading Mode"},"sceneLighting":false,"audioPlay":false,"sceneViewState":{"m_AlwaysRefresh":false,"showFog":true,"showSkybox":false,"showFlares":true,"showImageEffects":true,"showParticleSystems":true,"showVisualEffectGraphs":true,"m_FxEnabled":true},"in2DMode":false,"pivot":{"x":-0.39982879161834719,"y":1.9051716327667237,"z":-0.0009863236919045449},"rotation":{"x":-0.0003096395230386406,"y":0.0020976783707737924,"z":-7.508220392082876e-7,"w":-0.9999991655349731},"size":4.003627777099609,"orthographic":false}